ID_Pedido;ID_Cliente;Produto;Preço;Quantidade;DataVenda;Vendedor
P0000;C0000;Notebook;278,53;4;14/07/2024;Alice
P0001;C0001;Notebook;301,5;5;26/11/2024;Bob
P0002;C0002;Smartphone;790,28;2;17/10/2024;Alice
P0003;C0003;Notebook;720,59;2;19/03/2024;Daniel
P0004;C0004;Tablet;914,63;4;23/08/2024;Daniel
P0005;C0005;Relógio Inteligente;927,81;4;22/07/2024;Carlos
P0006;C0006;Tablet;740,43;3;10/08/2024;Eva
P0007;C0007;Tablet;660,54;3;28/01/2024;Alice
P0008;C0008;Notebook;210,62;3;06/02/2024;Alice
P0009;C0009;Fones de Ouvido;338,95;5;02/07/2024;Carlos
P0010;C0010;Relógio Inteligente;758,79;1;23/03/2024;Alice
P0012;C0012;Fones de Ouvido;253,54;4;10/07/2024;Eva
P0013;C0013;Relógio Inteligente;866,37;3;03/01/2025;Carlos
P0015;C0015;Tablet;811,35;3;31/03/2024;Eva
P0016;C0016;Tablet;728,3;4;19/12/2024;Daniel
P0017;C0017;Fones de Ouvido;969,5;3;10/06/2024;Alice
P0018;C0018;Smartphone;865,61;1;16/10/2024;Daniel
P0019;C0019;Tablet;106,84;5;07/05/2024;Alice
P0020;C0020;Notebook;67,92;3;24/11/2024;Carlos
P0021;C0021;Smartphone;985,29;1;04/08/2024;Alice
P0022;C0022;Fones de Ouvido;146,19;4;27/04/2024;Eva
P0023;C0023;Notebook;638,95;1;27/09/2024;Alice
P0024;C0024;Smartphone;519,88;2;30/03/2024;Daniel
P0025;C0025;Fones de Ouvido;599,04;1;11/01/2025;Carlos
P0026;C0026;Relógio Inteligente;800,2;3;20/07/2024;Carlos
P0027;C0027;Notebook;179,26;3;20/02/2024;Daniel
P0028;C0028;Fones de Ouvido;327,01;5;04/09/2024;Carlos
P0029;C0029;Fones de Ouvido;394,59;3;20/02/2024;Alice
P0030;C0030;Notebook;664,43;4;17/01/2025;Bob
P0031;C0031;Tablet;837,52;3;19/12/2024;Daniel
P0032;C0032;Notebook;262,11;3;14/07/2024;Eva
P0033;C0033;Fones de Ouvido;953,42;1;03/06/2024;Daniel
P0034;C0034;Notebook;711,34;3;22/10/2024;Daniel
P0035;C0035;Notebook;471,99;2;05/07/2024;Daniel
P0036;C0036;Smartphone;345,24;3;06/08/2024;Daniel
P0037;C0037;Relógio Inteligente;469,88;3;15/03/2024;Bob
P0038;C0038;Tablet;535,52;3;21/04/2024;Daniel
P0039;C0039;Smartphone;843,95;3;06/01/2025;Daniel
P0040;C0040;Notebook;663,29;3;18/12/2024;Daniel
P0041;C0041;Fones de Ouvido;788,75;2;04/02/2024;Carlos
P0042;C0042;Notebook;135,5;5;24/09/2024;Alice
P0043;C0043;Notebook;790,59;5;15/09/2024;Bob
P0044;C0044;Relógio Inteligente;904,72;1;13/07/2024;Bob
P0045;C0045;Notebook;853,06;3;15/11/2024;Eva
P0046;C0046;Smartphone;83,99;5;23/03/2024;Eva
P0047;C0047;Smartphone;875,21;1;10/12/2024;Eva
P0048;C0048;Fones de Ouvido;445,1;5;09/03/2024;Alice
P0049;C0049;Tablet;651,92;2;13/02/2024;Alice
P0050;C0050;Tablet;273,15;3;23/01/2025;Eva
P0051;C0051;Notebook;637,77;1;04/12/2024;Eva
P0052;C0052;Smartphone;69,43;5;19/04/2024;Bob
P0053;C0053;Fones de Ouvido;990,43;5;05/06/2024;Carlos
P0054;C0054;Relógio Inteligente;259,58;1;16/11/2024;Daniel
P0055;C0055;Tablet;624,67;2;21/08/2024;Daniel
P0056;C0056;Smartphone;533,34;5;24/11/2024;Alice
P0057;C0057;Fones de Ouvido;715,41;2;21/11/2024;Alice
P0058;C0058;Tablet;214,69;4;01/05/2024;Eva
P0059;C0059;Notebook;293,41;3;01/03/2024;Alice
P0060;C0060;Fones de Ouvido;848,9;4;13/05/2024;Daniel
P0061;C0061;Smartphone;116,36;3;20/12/2024;Daniel
P0062;C0062;Fones de Ouvido;993,68;4;22/12/2024;Daniel
P0063;C0063;Smartphone;312,22;4;02/04/2024;Alice
P0064;C0064;Fones de Ouvido;301,22;2;17/10/2024;Daniel
P0065;C0065;Smartphone;833,29;4;15/02/2024;Bob
P0066;C0066;Fones de Ouvido;607,39;3;07/07/2024;Bob
P0067;C0067;Smartphone;430,86;5;21/11/2024;Alice
P0068;C0068;Relógio Inteligente;442,91;4;26/09/2024;Carlos
P0069;C0069;Relógio Inteligente;227,37;4;29/07/2024;Bob
P0070;C0070;Relógio Inteligente;902,35;1;28/08/2024;Alice
P0071;C0071;Smartphone;786,48;1;25/12/2024;Daniel
P0072;C0072;Fones de Ouvido;571,86;1;01/07/2024;Carlos
P0073;C0073;Relógio Inteligente;978,23;3;21/12/2024;Daniel
P0074;C0074;Notebook;468,26;1;24/11/2024;Carlos
P0075;C0075;Tablet;990,41;4;01/02/2024;Carlos
P0076;C0076;Notebook;272,69;5;01/12/2024;Bob
P0077;C0077;Fones de Ouvido;213,49;5;01/09/2024;Daniel
P0078;C0078;Relógio Inteligente;706,26;5;11/01/2025;Alice
P0079;C0079;Smartphone;249,84;4;24/05/2024;Bob
P0080;C0080;Tablet;939,42;3;16/12/2024;Carlos
P0081;C0081;Tablet;321,21;3;11/06/2024;Carlos
P0082;C0082;Relógio Inteligente;526,75;3;26/05/2024;Alice
P0083;C0083;Smartphone;932,33;3;07/10/2024;Bob
P0084;C0084;Fones de Ouvido;894,77;3;21/01/2025;Alice
P0085;C0085;Smartphone;490,62;5;15/06/2024;Daniel
P0086;C0086;Tablet;909,57;1;24/07/2024;Eva
P0087;C0087;Notebook;996,12;5;04/09/2024;Eva
P0088;C0088;Tablet;638,95;2;10/02/2024;Carlos
P0089;C0089;Notebook;336,27;4;30/07/2024;Bob
P0090;C0090;Smartphone;516,32;2;05/07/2024;Alice
P0091;C0091;Notebook;83,93;1;07/12/2024;Bob
P0092;C0092;Fones de Ouvido;300,41;4;04/08/2024;Alice
P0093;C0093;Relógio Inteligente;903,29;3;19/11/2024;Daniel
P0094;C0094;Relógio Inteligente;338,54;1;17/06/2024;Eva
P0095;C0095;Relógio Inteligente;479,19;3;06/03/2024;Alice
P0096;C0096;Fones de Ouvido;434,59;1;24/04/2024;Alice
P0097;C0097;Tablet;839,95;5;18/09/2024;Daniel
P0098;C0098;Fones de Ouvido;894,44;4;02/03/2024;Carlos
P0099;C0099;Notebook;589,76;3;29/07/2024;Bob
P0100;C0100;Tablet;520,32;2;01/11/2024;Eva
P0101;C0101;Relógio Inteligente;860,5;1;16/11/2024;Eva
P0102;C0102;Smartphone;726,81;2;05/11/2024;Daniel
P0103;C0103;Smartphone;947,07;5;21/03/2024;Carlos
P0104;C0104;Relógio Inteligente;51,06;4;12/06/2024;Eva
P0105;C0105;Fones de Ouvido;991,61;5;11/05/2024;Daniel
P0106;C0106;Fones de Ouvido;663,9;3;18/12/2024;Eva
P0107;C0107;Smartphone;123,21;4;03/06/2024;Daniel
P0108;C0108;Notebook;643,52;5;06/10/2024;Bob
P0109;C0109;Fones de Ouvido;855,3;4;07/04/2024;Alice
P0110;C0110;Smartphone;687,72;4;28/08/2024;Eva
P0111;C0111;Smartphone;916,01;2;05/01/2025;Daniel
P0112;C0112;Smartphone;473,31;4;08/09/2024;Eva
P0113;C0113;Tablet;943,89;2;04/07/2024;Bob
P0114;C0114;Tablet;188,02;5;09/06/2024;Daniel
P0115;C0115;Relógio Inteligente;789,93;1;04/04/2024;Daniel
P0116;C0116;Smartphone;905,17;2;03/03/2024;Alice
P0117;C0117;Relógio Inteligente;328,38;5;24/10/2024;Eva
P0118;C0118;Tablet;509,33;4;18/09/2024;Bob
P0119;C0119;Smartphone;126,39;4;10/07/2024;Alice
P0120;C0120;Smartphone;621,68;4;07/03/2024;Eva
P0121;C0121;Relógio Inteligente;881,66;3;29/03/2024;Eva
P0122;C0122;Notebook;820,98;3;07/02/2024;Daniel
P0123;C0123;Tablet;905,25;5;30/06/2024;Daniel
P0124;C0124;Smartphone;835,16;2;08/08/2024;Bob
P0125;C0125;Fones de Ouvido;417,94;3;25/03/2024;Eva
P0126;C0126;Smartphone;911,48;5;08/06/2024;Alice
P0127;C0127;Fones de Ouvido;429,26;3;08/09/2024;Bob
P0128;C0128;Smartphone;207,89;4;21/11/2024;Alice
P0129;C0129;Tablet;546,53;3;20/01/2025;Carlos
P0130;C0130;Tablet;591,97;3;01/11/2024;Carlos
P0131;C0131;Notebook;101,46;5;02/12/2024;Daniel
P0133;C0133;Smartphone;110,75;5;27/02/2024;Carlos
P0134;C0134;Smartphone;557,04;2;05/05/2024;Alice
P0135;C0135;Smartphone;885,92;4;21/04/2024;Carlos
P0136;C0136;Notebook;801,98;4;02/09/2024;Eva
P0137;C0137;Fones de Ouvido;261,42;1;25/04/2024;Bob
P0138;C0138;Relógio Inteligente;359,93;2;29/11/2024;Carlos
P0139;C0139;Relógio Inteligente;978,12;5;19/10/2024;Daniel
P0140;C0140;Smartphone;492,22;3;07/10/2024;Daniel
P0141;C0141;Notebook;289,58;3;28/01/2024;Daniel
P0143;C0143;Tablet;469,14;5;16/12/2024;Alice
P0144;C0144;Relógio Inteligente;548,23;4;28/07/2024;Daniel
P0145;C0145;Tablet;784,43;1;26/05/2024;Daniel
P0146;C0146;Fones de Ouvido;774,86;1;14/12/2024;Daniel
P0147;C0147;Smartphone;468,01;4;11/03/2024;Daniel
P0148;C0148;Relógio Inteligente;678,21;1;30/08/2024;Alice
P0149;C0149;Tablet;949,49;4;22/05/2024;Eva
P0150;C0150;Fones de Ouvido;421,4;2;13/06/2024;Carlos
P0151;C0151;Relógio Inteligente;508,34;4;24/02/2024;Eva
P0152;C0152;Notebook;451,95;5;02/04/2024;Daniel
P0153;C0153;Notebook;482,07;4;20/06/2024;Carlos
P0154;C0154;Tablet;541,24;4;28/04/2024;Eva
P0156;C0156;Notebook;795,76;1;16/11/2024;Alice
P0157;C0157;Tablet;545,3;5;17/04/2024;Alice
P0158;C0158;Tablet;511,54;5;30/05/2024;Eva
P0159;C0159;Fones de Ouvido;557,12;2;29/10/2024;Carlos
P0160;C0160;Fones de Ouvido;574,05;3;22/02/2024;Eva
P0161;C0161;Notebook;985,89;5;10/05/2024;Carlos
P0162;C0162;Tablet;560,33;5;16/07/2024;Daniel
P0163;C0163;Fones de Ouvido;142,28;4;18/09/2024;Bob
P0164;C0164;Tablet;865,08;2;15/07/2024;Bob
P0165;C0165;Notebook;347,65;1;03/04/2024;Carlos
P0166;C0166;Relógio Inteligente;652,67;4;01/01/2025;Bob
P0167;C0167;Tablet;190,01;5;19/08/2024;Bob
P0168;C0168;Tablet;525,38;4;15/02/2024;Daniel
P0169;C0169;Relógio Inteligente;660,48;4;19/07/2024;Daniel
P0172;C0172;Smartphone;938,08;1;08/02/2024;Alice
P0173;C0173;Notebook;217,87;5;09/06/2024;Bob
P0174;C0174;Smartphone;163,21;3;29/09/2024;Bob
P0176;C0176;Smartphone;496,42;1;08/12/2024;Daniel
P0177;C0177;Tablet;418,38;3;02/08/2024;Carlos
P0178;C0178;Relógio Inteligente;344,65;2;07/08/2024;Daniel
P0179;C0179;Tablet;87,89;3;26/10/2024;Alice
P0181;C0181;Notebook;289,91;2;08/08/2024;Carlos
P0182;C0182;Notebook;695,37;3;15/08/2024;Carlos
P0183;C0183;Smartphone;902,45;1;29/03/2024;Bob
P0184;C0184;Tablet;939,43;5;07/05/2024;Bob
P0185;C0185;Relógio Inteligente;289,71;2;12/07/2024;Alice
P0186;C0186;Notebook;801;1;10/11/2024;Eva
P0187;C0187;Fones de Ouvido;620,97;3;23/10/2024;Bob
P0188;C0188;Tablet;463,72;4;14/02/2024;Eva
P0189;C0189;Fones de Ouvido;364,91;3;04/02/2024;Alice
P0190;C0190;Smartphone;380,13;3;26/05/2024;Daniel
P0191;C0191;Notebook;278,6;5;26/03/2024;Bob
P0192;C0192;Tablet;398,48;3;18/07/2024;Bob
P0193;C0193;Tablet;502,63;2;08/11/2024;Alice
P0195;C0195;Relógio Inteligente;179,59;1;16/05/2024;Eva
P0196;C0196;Notebook;122,26;5;16/08/2024;Alice
P0197;C0197;Relógio Inteligente;361,46;1;09/01/2025;Eva
P0198;C0198;Relógio Inteligente;198,17;4;05/10/2024;Eva
P0199;C0199;Relógio Inteligente;721,9;2;13/07/2024;Daniel
P0201;C0201;Tablet;121,9;4;29/06/2024;Eva
P0202;C0202;Tablet;377,9;1;06/04/2024;Alice
P0203;C0203;Relógio Inteligente;499,6;4;01/01/2025;Eva
P0204;C0204;Fones de Ouvido;991,89;4;17/06/2024;Daniel
P0205;C0205;Notebook;74,88;1;11/05/2024;Bob
P0206;C0206;Smartphone;215,36;2;09/09/2024;Daniel
P0207;C0207;Notebook;920,85;2;27/11/2024;Daniel
P0208;C0208;Relógio Inteligente;256,29;1;12/10/2024;Alice
P0209;C0209;Smartphone;952,94;2;15/12/2024;Carlos
P0210;C0210;Smartphone;66,06;5;30/10/2024;Bob
P0211;C0211;Notebook;696,16;1;27/05/2024;Bob
P0212;C0212;Relógio Inteligente;712,98;4;21/12/2024;Daniel
P0213;C0213;Notebook;960,87;5;20/08/2024;Alice
P0214;C0214;Notebook;779,57;3;03/11/2024;Bob
P0215;C0215;Tablet;171,18;2;14/09/2024;Alice
P0217;C0217;Tablet;724,06;5;15/09/2024;Daniel
P0218;C0218;Relógio Inteligente;832,82;3;30/12/2024;Bob
P0219;C0219;Smartphone;942,56;5;06/12/2024;Carlos
P0220;C0220;Fones de Ouvido;405,88;2;13/09/2024;Alice
P0221;C0221;Notebook;760,83;3;05/03/2024;Daniel
P0222;C0222;Notebook;282,92;2;20/08/2024;Bob
P0223;C0223;Relógio Inteligente;370,68;3;09/06/2024;Eva
P0224;C0224;Smartphone;786,18;4;06/09/2024;Eva
P0225;C0225;Relógio Inteligente;265,62;3;05/07/2024;Carlos
P0226;C0226;Relógio Inteligente;859,98;5;14/10/2024;Bob
P0227;C0227;Smartphone;893,78;2;20/12/2024;Alice
P0228;C0228;Fones de Ouvido;788,82;3;02/07/2024;Alice
P0229;C0229;Fones de Ouvido;914,89;3;06/12/2024;Daniel
P0230;C0230;Relógio Inteligente;338,09;4;16/02/2024;Eva
P0231;C0231;Notebook;251,79;1;30/01/2024;Bob
P0232;C0232;Fones de Ouvido;824,64;2;01/09/2024;Bob
P0233;C0233;Relógio Inteligente;647,76;2;05/02/2024;Eva
P0234;C0234;Smartphone;361,6;3;19/11/2024;Eva
P0235;C0235;Notebook;719,73;4;06/06/2024;Eva
P0236;C0236;Relógio Inteligente;991,88;5;29/05/2024;Bob
P0237;C0237;Relógio Inteligente;182,32;4;20/06/2024;Carlos
P0238;C0238;Smartphone;833,27;2;26/09/2024;Eva
P0239;C0239;Smartphone;152,92;1;15/08/2024;Carlos
P0240;C0240;Smartphone;936,32;5;16/04/2024;Alice
P0241;C0241;Fones de Ouvido;641,69;2;13/09/2024;Carlos
P0242;C0242;Relógio Inteligente;484,94;2;16/04/2024;Daniel
P0243;C0243;Fones de Ouvido;358,73;4;24/01/2025;Eva
P0244;C0244;Relógio Inteligente;231,48;2;27/07/2024;Carlos
P0245;C0245;Notebook;280,26;3;16/03/2024;Daniel
P0246;C0246;Relógio Inteligente;192,82;1;30/04/2024;Alice
P0247;C0247;Tablet;654,51;2;23/04/2024;Eva
P0248;C0248;Fones de Ouvido;976,41;5;19/07/2024;Alice
P0249;C0249;Relógio Inteligente;692,63;4;14/04/2024;Daniel
P0250;C0250;Smartphone;835,4;1;04/04/2024;Alice
P0251;C0251;Smartphone;254,37;5;17/05/2024;Eva
P0252;C0252;Relógio Inteligente;263,7;1;20/12/2024;Alice
P0253;C0253;Notebook;329,13;2;13/05/2024;Eva
P0254;C0254;Smartphone;918,58;4;02/04/2024;Carlos
P0255;C0255;Tablet;604,58;5;24/03/2024;Eva
P0256;C0256;Notebook;524,57;1;20/12/2024;Eva
P0257;C0257;Relógio Inteligente;831,68;3;14/12/2024;Carlos
P0258;C0258;Tablet;410,09;5;31/05/2024;Carlos
P0259;C0259;Smartphone;127,87;2;19/11/2024;Carlos
P0260;C0260;Relógio Inteligente;318,98;4;27/12/2024;Alice
P0261;C0261;Smartphone;548,71;2;12/01/2025;Bob
P0262;C0262;Tablet;602,06;1;24/11/2024;Daniel
P0263;C0263;Relógio Inteligente;728,42;5;14/03/2024;Daniel
P0264;C0264;Notebook;220,2;1;10/10/2024;Daniel
P0265;C0265;Tablet;560,25;4;28/08/2024;Alice
P0266;C0266;Fones de Ouvido;689,1;3;29/03/2024;Alice
P0267;C0267;Fones de Ouvido;762,54;4;21/05/2024;Carlos
P0268;C0268;Smartphone;980,86;4;29/04/2024;Carlos
P0269;C0269;Relógio Inteligente;993,07;2;14/12/2024;Carlos
P0270;C0270;Smartphone;288,51;3;25/08/2024;Bob
P0271;C0271;Relógio Inteligente;300,19;2;29/03/2024;Alice
P0272;C0272;Smartphone;475,6;2;30/08/2024;Eva
P0273;C0273;Fones de Ouvido;500,72;4;11/09/2024;Bob
P0274;C0274;Tablet;402,87;2;07/12/2024;Eva
P0275;C0275;Relógio Inteligente;601,24;4;10/01/2025;Daniel
P0276;C0276;Relógio Inteligente;365,81;2;17/07/2024;Carlos
P0277;C0277;Fones de Ouvido;323,35;1;23/11/2024;Eva
P0278;C0278;Tablet;368,21;3;03/02/2024;Alice
P0279;C0279;Notebook;424,15;1;01/05/2024;Alice
P0280;C0280;Smartphone;256,37;2;05/05/2024;Eva
P0281;C0281;Notebook;357,54;1;07/04/2024;Bob
P0283;C0283;Smartphone;119,91;2;06/06/2024;Bob
P0284;C0284;Fones de Ouvido;591,97;4;09/09/2024;Alice
P0286;C0286;Relógio Inteligente;290,79;3;22/05/2024;Eva
P0287;C0287;Smartphone;488,15;2;11/10/2024;Daniel
P0288;C0288;Tablet;765,64;5;11/06/2024;Daniel
P0289;C0289;Tablet;149,22;2;20/01/2025;Alice
P0290;C0290;Relógio Inteligente;735,69;2;10/05/2024;Carlos
P0291;C0291;Notebook;333,9;3;02/08/2024;Alice
P0292;C0292;Notebook;365,68;5;20/08/2024;Daniel
P0293;C0293;Relógio Inteligente;583,86;2;30/06/2024;Carlos
P0294;C0294;Notebook;998,98;3;14/11/2024;Bob
P0295;C0295;Tablet;159,75;4;15/12/2024;Bob
P0296;C0296;Relógio Inteligente;460,07;2;06/10/2024;Carlos
P0297;C0297;Tablet;706,75;4;27/05/2024;Bob
P0299;C0299;Tablet;980,29;2;14/05/2024;Carlos
P0300;C0300;Fones de Ouvido;567,24;4;28/12/2024;Bob
P0301;C0301;Smartphone;696,79;1;12/04/2024;Bob
P0302;C0302;Fones de Ouvido;231,13;2;17/09/2024;Alice
P0303;C0303;Smartphone;844,76;1;08/10/2024;Daniel
P0304;C0304;Relógio Inteligente;918,64;2;24/06/2024;Bob
P0305;C0305;Fones de Ouvido;350,17;5;06/06/2024;Eva
P0306;C0306;Notebook;277,51;3;28/08/2024;Eva
P0307;C0307;Smartphone;732,11;4;13/06/2024;Eva
P0308;C0308;Tablet;416,72;1;25/07/2024;Carlos
P0309;C0309;Fones de Ouvido;607,5;5;26/03/2024;Daniel
P0310;C0310;Fones de Ouvido;345,96;1;20/12/2024;Alice
P0311;C0311;Relógio Inteligente;244,48;1;26/08/2024;Eva
P0312;C0312;Smartphone;442,97;5;12/04/2024;Eva
P0313;C0313;Notebook;555,86;3;29/09/2024;Alice
P0314;C0314;Notebook;60,9;2;26/08/2024;Eva
P0315;C0315;Smartphone;654,71;5;24/10/2024;Bob
P0316;C0316;Smartphone;639,88;4;31/08/2024;Bob
P0318;C0318;Notebook;933,12;3;03/11/2024;Alice
P0319;C0319;Fones de Ouvido;894,87;2;13/06/2024;Daniel
P0320;C0320;Fones de Ouvido;803,04;3;13/01/2025;Eva
P0321;C0321;Notebook;126,1;1;27/07/2024;Alice
P0322;C0322;Smartphone;544,44;5;23/03/2024;Eva
P0323;C0323;Tablet;332,68;3;09/08/2024;Daniel
P0324;C0324;Notebook;713,79;5;20/03/2024;Alice
P0325;C0325;Fones de Ouvido;643,67;4;09/03/2024;Daniel
P0326;C0326;Relógio Inteligente;122,99;3;16/12/2024;Eva
P0327;C0327;Notebook;999,26;3;27/04/2024;Eva
P0328;C0328;Notebook;283,57;5;03/09/2024;Bob
P0329;C0329;Smartphone;189,44;3;13/01/2025;Bob
P0330;C0330;Smartphone;564,16;1;04/03/2024;Daniel
P0331;C0331;Fones de Ouvido;883,18;3;02/07/2024;Carlos
P0332;C0332;Relógio Inteligente;582,9;4;22/05/2024;Bob
P0333;C0333;Relógio Inteligente;409,2;1;26/06/2024;Bob
P0334;C0334;Smartphone;242,98;1;01/08/2024;Alice
P0335;C0335;Relógio Inteligente;335,15;5;09/11/2024;Bob
P0336;C0336;Tablet;929,67;2;28/06/2024;Carlos
P0337;C0337;Relógio Inteligente;282,43;1;06/07/2024;Alice
P0339;C0339;Fones de Ouvido;786,97;2;09/11/2024;Eva
P0340;C0340;Relógio Inteligente;983,45;5;30/12/2024;Eva
P0341;C0341;Relógio Inteligente;74,12;3;06/05/2024;Bob
P0342;C0342;Relógio Inteligente;723,15;3;20/03/2024;Bob
P0343;C0343;Fones de Ouvido;210,42;1;26/07/2024;Alice
P0344;C0344;Smartphone;153,88;5;28/07/2024;Bob
P0345;C0345;Notebook;448,52;5;14/01/2025;Daniel
P0346;C0346;Tablet;705,84;5;02/07/2024;Eva
P0347;C0347;Relógio Inteligente;287,08;3;15/02/2024;Eva
P0348;C0348;Tablet;74,84;1;06/07/2024;Bob
P0349;C0349;Smartphone;847,82;2;21/09/2024;Alice
P0350;C0350;Tablet;545,81;2;27/03/2024;Alice
P0351;C0351;Notebook;825,47;5;20/09/2024;Bob
P0352;C0352;Relógio Inteligente;527,13;3;14/06/2024;Daniel
P0353;C0353;Smartphone;220,44;1;30/12/2024;Eva
P0354;C0354;Fones de Ouvido;373,34;2;31/10/2024;Carlos
P0355;C0355;Notebook;915,59;2;16/04/2024;Carlos
P0356;C0356;Tablet;986,91;5;12/08/2024;Carlos
P0357;C0357;Notebook;965,19;4;29/03/2024;Daniel
P0358;C0358;Fones de Ouvido;836,49;1;10/01/2025;Alice
P0359;C0359;Tablet;363,66;2;12/03/2024;Eva
P0360;C0360;Tablet;175,62;3;03/09/2024;Daniel
P0361;C0361;Relógio Inteligente;251,27;3;13/07/2024;Bob
P0362;C0362;Relógio Inteligente;846,17;1;03/10/2024;Carlos
P0363;C0363;Fones de Ouvido;894,34;1;31/07/2024;Daniel
P0365;C0365;Smartphone;442,42;1;12/11/2024;Bob
P0366;C0366;Smartphone;441,57;3;23/10/2024;Carlos
P0367;C0367;Relógio Inteligente;645,71;5;15/11/2024;Daniel
P0368;C0368;Relógio Inteligente;113,43;1;19/08/2024;Alice
P0369;C0369;Notebook;86,66;1;23/09/2024;Bob
P0370;C0370;Fones de Ouvido;343,31;4;30/07/2024;Eva
P0371;C0371;Relógio Inteligente;988,23;4;19/01/2025;Bob
P0372;C0372;Tablet;183,97;4;22/12/2024;Eva
P0373;C0373;Tablet;362,46;1;26/01/2024;Carlos
P0374;C0374;Notebook;935,9;5;20/05/2024;Bob
P0375;C0375;Notebook;576,55;2;05/12/2024;Carlos
P0376;C0376;Relógio Inteligente;283,64;2;26/02/2024;Daniel
P0377;C0377;Fones de Ouvido;90,47;3;01/05/2024;Bob
P0378;C0378;Relógio Inteligente;388,87;2;29/02/2024;Alice
P0379;C0379;Fones de Ouvido;632,76;5;06/01/2025;Eva
P0380;C0380;Smartphone;297,76;3;14/08/2024;Alice
P0381;C0381;Notebook;547,91;4;02/07/2024;Eva
P0382;C0382;Relógio Inteligente;340,74;4;05/01/2025;Carlos
P0383;C0383;Tablet;293,66;3;06/11/2024;Daniel
P0384;C0384;Fones de Ouvido;684,51;1;10/09/2024;Alice
P0386;C0386;Tablet;730,01;1;03/08/2024;Daniel
P0387;C0387;Fones de Ouvido;186,14;4;23/07/2024;Bob
P0388;C0388;Fones de Ouvido;447,77;1;22/10/2024;Carlos
P0390;C0390;Tablet;162,62;1;12/11/2024;Alice
P0391;C0391;Relógio Inteligente;383,48;2;19/08/2024;Carlos
P0392;C0392;Tablet;240,79;4;01/04/2024;Carlos
P0393;C0393;Smartphone;187,03;3;12/09/2024;Daniel
P0394;C0394;Fones de Ouvido;449,91;4;01/08/2024;Eva
P0395;C0395;Relógio Inteligente;444,62;4;29/04/2024;Bob
P0396;C0396;Relógio Inteligente;840,16;2;12/07/2024;Eva
P0397;C0397;Relógio Inteligente;344,51;2;06/05/2024;Eva
P0398;C0398;Smartphone;632,3;4;08/11/2024;Eva
P0399;C0399;Relógio Inteligente;855,44;5;13/03/2024;Alice
P0400;C0400;Relógio Inteligente;254;2;08/10/2024;Alice
P0401;C0401;Relógio Inteligente;165,27;5;11/10/2024;Eva
P0402;C0402;Notebook;157,04;1;17/01/2025;Alice
P0403;C0403;Smartphone;181,84;2;11/10/2024;Alice
P0404;C0404;Notebook;131,9;4;18/09/2024;Eva
P0405;C0405;Smartphone;414,43;4;06/03/2024;Eva
P0406;C0406;Notebook;927,62;1;22/03/2024;Eva
P0407;C0407;Relógio Inteligente;226,48;4;13/11/2024;Carlos
P0408;C0408;Tablet;456,49;1;29/02/2024;Carlos
P0409;C0409;Notebook;992,92;3;29/02/2024;Carlos
P0410;C0410;Smartphone;616,35;1;03/02/2024;Eva
P0411;C0411;Smartphone;966,02;1;18/12/2024;Daniel
P0412;C0412;Notebook;773,45;1;21/03/2024;Carlos
P0413;C0413;Fones de Ouvido;263,33;1;08/03/2024;Daniel
P0414;C0414;Smartphone;392,78;2;08/05/2024;Bob
P0415;C0415;Notebook;567,29;5;11/10/2024;Bob
P0416;C0416;Notebook;544,64;3;17/04/2024;Carlos
P0417;C0417;Tablet;273,07;5;08/06/2024;Carlos
P0418;C0418;Tablet;408,87;5;17/03/2024;Eva
P0420;C0420;Smartphone;306,2;1;29/09/2024;Alice
P0421;C0421;Notebook;452,59;3;13/03/2024;Bob
P0422;C0422;Relógio Inteligente;851,9;5;18/07/2024;Daniel
P0423;C0423;Relógio Inteligente;62,53;4;07/01/2025;Daniel
P0424;C0424;Tablet;532,29;3;22/11/2024;Eva
P0425;C0425;Smartphone;482,5;3;26/05/2024;Eva
P0426;C0426;Tablet;910,49;3;21/06/2024;Daniel
P0427;C0427;Tablet;515,92;3;04/09/2024;Bob
P0428;C0428;Tablet;148,2;1;31/03/2024;Daniel
P0429;C0429;Relógio Inteligente;681,57;2;01/12/2024;Eva
P0430;C0430;Fones de Ouvido;959,8;1;01/09/2024;Alice
P0431;C0431;Relógio Inteligente;656,42;3;01/01/2025;Carlos
P0432;C0432;Fones de Ouvido;654,89;3;12/01/2025;Daniel
P0433;C0433;Notebook;214,92;1;21/08/2024;Bob
P0434;C0434;Fones de Ouvido;178,64;1;16/01/2025;Alice
P0435;C0435;Relógio Inteligente;519,52;3;23/02/2024;Eva
P0436;C0436;Relógio Inteligente;337,16;3;05/10/2024;Carlos
P0438;C0438;Fones de Ouvido;513,44;5;22/10/2024;Eva
P0439;C0439;Notebook;443,61;1;24/05/2024;Carlos
P0440;C0440;Tablet;528,53;4;20/05/2024;Eva
P0441;C0441;Notebook;327,09;1;26/01/2024;Eva
P0442;C0442;Notebook;472,4;5;17/03/2024;Daniel
P0443;C0443;Fones de Ouvido;736,5;4;01/11/2024;Daniel
P0444;C0444;Fones de Ouvido;173,02;1;07/11/2024;Carlos
P0445;C0445;Notebook;961,52;3;07/07/2024;Carlos
P0446;C0446;Fones de Ouvido;401,42;3;14/02/2024;Daniel
P0447;C0447;Relógio Inteligente;980,02;3;14/10/2024;Daniel
P0448;C0448;Tablet;993,45;5;09/06/2024;Carlos
P0450;C0450;Tablet;448,18;5;19/09/2024;Daniel
P0451;C0451;Tablet;476,97;2;01/11/2024;Carlos
P0452;C0452;Relógio Inteligente;353,05;5;21/08/2024;Daniel
P0453;C0453;Fones de Ouvido;206,8;4;04/07/2024;Carlos
P0454;C0454;Relógio Inteligente;499,35;3;28/10/2024;Eva
P0455;C0455;Tablet;478,89;5;02/09/2024;Alice
P0456;C0456;Notebook;719,98;2;29/11/2024;Alice
P0457;C0457;Smartphone;181,23;1;18/09/2024;Bob
P0458;C0458;Notebook;84,49;5;17/04/2024;Daniel
P0459;C0459;Tablet;880,9;1;08/06/2024;Daniel
P0460;C0460;Tablet;86,76;1;15/03/2024;Eva
P0461;C0461;Tablet;183,79;4;08/12/2024;Carlos
P0462;C0462;Relógio Inteligente;381,62;4;30/06/2024;Bob
P0463;C0463;Fones de Ouvido;141,15;4;31/03/2024;Eva
P0464;C0464;Tablet;520,61;2;25/05/2024;Alice
P0465;C0465;Smartphone;134,09;1;03/11/2024;Eva
P0466;C0466;Tablet;696,18;1;02/09/2024;Alice
P0467;C0467;Fones de Ouvido;931,56;3;22/01/2025;Bob
P0468;C0468;Notebook;959,18;4;16/04/2024;Daniel
P0469;C0469;Smartphone;379,35;5;03/04/2024;Eva
P0470;C0470;Tablet;912,14;3;13/04/2024;Bob
P0471;C0471;Fones de Ouvido;502,17;1;17/08/2024;Carlos
P0472;C0472;Smartphone;181,28;4;09/02/2024;Alice
P0473;C0473;Fones de Ouvido;815,69;1;15/07/2024;Alice
P0474;C0474;Smartphone;158,99;3;29/09/2024;Alice
P0475;C0475;Fones de Ouvido;79,39;3;12/10/2024;Bob
P0476;C0476;Fones de Ouvido;139,52;3;24/09/2024;Bob
P0477;C0477;Notebook;360,35;2;20/09/2024;Alice
P0478;C0478;Fones de Ouvido;517,88;3;22/08/2024;Daniel
P0479;C0479;Fones de Ouvido;95,17;4;25/02/2024;Alice
P0480;C0480;Fones de Ouvido;107,18;5;16/09/2024;Carlos
P0481;C0481;Tablet;646,78;2;09/05/2024;Eva
P0482;C0482;Fones de Ouvido;626,66;1;11/06/2024;Eva
P0483;C0483;Relógio Inteligente;685,01;5;18/01/2025;Eva
P0484;C0484;Fones de Ouvido;677,13;1;22/03/2024;Eva
P0485;C0485;Notebook;962,64;5;07/05/2024;Eva
P0486;C0486;Notebook;410,78;3;15/12/2024;Carlos
P0487;C0487;Notebook;631,85;3;04/12/2024;Eva
P0488;C0488;Tablet;98,5;1;23/06/2024;Bob
P0489;C0489;Tablet;213,07;3;19/06/2024;Eva
P0490;C0490;Relógio Inteligente;274,09;2;29/07/2024;Daniel
P0491;C0491;Fones de Ouvido;481,85;3;22/09/2024;Bob
P0492;C0492;Smartphone;524,63;3;28/05/2024;Bob
P0493;C0493;Tablet;854,72;2;20/07/2024;Carlos
P0495;C0495;Fones de Ouvido;821,18;5;03/06/2024;Eva
P0496;C0496;Relógio Inteligente;656,19;1;26/08/2024;Carlos
P0497;C0497;Relógio Inteligente;703,89;1;20/06/2024;Alice
P0498;C0498;Notebook;697,89;3;19/06/2024;Daniel
P0499;C0499;Fones de Ouvido;203,67;1;29/08/2024;Bob
